a	a	a	a
a	a	a	a
a	a	a	a
a capella	akapEla	a ca-pel-la	a-ka-pE-la
a cappella	akapEla	a cap-pel-la	a-ka-pE-la
a contrario	ak§tRaRjo	a con-tra-rio	a-k§-tRa-Rjo
a fortiori	afORsjoRi	a for-tio-ri	a-fOR-sjo-Ri
a giorno	adZjORno	a gior-no	ad-ZjOR-no
a jeun	aZ1	a jeun	a-Z1
a l'instar	al5staR	a l'ins-tar	a-l5s-taR
a posteriori	apOsteRjoRi	a pos-te-rio-ri	a-pOs-te-Rjo-Ri
a priori	apRijoRi	a prio-ri	a-pRi-jo-Ri
a priori	apRijoRi	a prio-ri	a-pRi-jo-Ri
aa	aa		a-a
ab absurdo	abapsuRdo	ab ab-sur-do	a-bap-suR-do
ab initio	abinisjo	ab i-ni-tio	a-bi-ni-sjo
ab ovo	abovo	ab o-vo	a-bo-vo
abaca	abaka		a-ba-ka
abaissa	abEsa	a-bais-sa	a-bE-sa
abaissai	abEsE	a-bais-sai	a-bE-sE
abaissaient	abEsE	a-bais-saient	a-bE-sE
abaissait	abEsE	a-bais-sait	a-bE-sE
abaissant	abEs@	a-bais-sant	a-bE-s@
abaissant	abEs@	a-bais-sant	a-bE-s@
abaissante	abEs@t		a-bE-s@t
abaisse	abEs	a-bais-se	a-bEs
abaisse	abEs	a-bais-se	a-bEs
abaisse-langue	abEsl@g	abaisse-langue	a-bE-sl@g
abaissement	abEs°m@	a-bais-se-ment	a-bE-s°-m@
abaissent	abEs	a-bais-sent	a-bEs
abaisser	abese	a-bais-ser	a-be-se
abaissera	abEs°Ra	a-bais-se-ra	a-bE-s°-Ra
abaisserai	abEs°RE	a-bais-se-rai	a-bE-s°-RE
abaisseraient	abEs°RE	a-bais-se-raient	a-bE-s°-RE
abaisserais	abEs°RE	a-bais-se-rais	a-bE-s°-RE
abaisserait	abEs°RE	a-bais-se-rait	a-bE-s°-RE
abaisses	abEs	a-bais-ses	a-bEs
abaissez	abEse	a-bais-sez	a-bE-se
abaissons	abEs§	a-bais-sons	a-bE-s§
abaissèrent	abEsER	a-bais-sè-rent	a-bE-sER
abaissé	abese	a-bais-sé	a-be-se
abaissé	abese	a-bais-sé	a-be-se
abaissée	abese	a-bais-sée	a-be-se
abaissée	abese	a-bais-sée	a-be-se
abaissées	abese	a-bais-sées	a-be-se
abaissées	abese	a-bais-sées	a-be-se
abaissés	abese	a-bais-sés	a-be-se
abaissés	abese	a-bais-sés	a-be-se
abalone	abalOn	a-ba-lo-ne	a-ba-lOn
abalones	abalOn	a-ba-lo-nes	a-ba-lOn
abandon	ab@d§	a-ban-don	a-b@-d§
abandonna	ab@dona	a-ban-don-na	a-b@-do-na
abandonnai	ab@donE	a-ban-don-nai	a-b@-do-nE
abandonnaient	ab@donE	a-ban-don-naient	a-b@-do-nE
abandonnais	ab@donE	a-ban-don-nais	a-b@-do-nE
abandonnait	ab@donE	a-ban-don-nait	a-b@-do-nE
abandonnant	ab@don@	a-ban-don-nant	a-b@-do-n@
abandonnas	ab@dona	a-ban-don-nas	a-b@-do-na
abandonne	ab@dOn	a-ban-don-ne	a-b@-dOn
abandonnent	ab@dOn	a-ban-don-nent	a-b@-dOn
abandonner	ab@done	a-ban-don-ner	a-b@-do-ne
abandonnera	ab@dOn°Ra	a-ban-don-ne-ra	a-b@-dO-n°-Ra
abandonnerai	ab@dOn°RE	a-ban-don-ne-rai	a-b@-dO-n°-RE
abandonneraient	ab@dOn°RE	a-ban-don-ne-raient	a-b@-dO-n°-RE
abandonnerais	ab@dOn°RE	a-ban-don-ne-rais	a-b@-dO-n°-RE
abandonnerait	ab@dOn°RE	a-ban-don-ne-rait	a-b@-dO-n°-RE
abandonneras	ab@dOn°Ra	a-ban-don-ne-ras	a-b@-dO-n°-Ra
abandonnerez	ab@dOn°Re	a-ban-don-ne-rez	a-b@-dO-n°-Re
abandonneriez	ab@dOn°Rje	a-ban-don-ne-riez	a-b@-dO-n°-Rje
abandonnerions	ab@dOn°Rj§	a-ban-don-ne-rions	a-b@-dO-n°-Rj§
abandonnerons	ab@dOn°R§	a-ban-don-ne-rons	a-b@-dO-n°-R§
abandonneront	ab@dOn°R§	a-ban-don-ne-ront	a-b@-dO-n°-R§
abandonnes	ab@dOn	a-ban-don-nes	a-b@-dOn
abandonneurs	ab@don9R	a-ban-don-neurs	a-b@-do-n9R
abandonnez	ab@done	a-ban-don-nez	a-b@-do-ne
abandonniez	ab@donje	a-ban-don-niez	a-b@-do-nje
abandonnions	ab@donj§	a-ban-don-nions	a-b@-do-nj§
abandonnique	ab@donik	a-ban-don-ni-que	a-b@-do-nik
abandonnons	ab@don§	a-ban-don-nons	a-b@-do-n§
abandonnâmes	ab@donam	a-ban-don-nâ-mes	a-b@-do-nam
abandonnât	ab@dona	a-ban-don-nât	a-b@-do-na
abandonnèrent	ab@donER	a-ban-don-nè-rent	a-b@-do-nER
abandonné	ab@done	a-ban-don-né	a-b@-do-ne
abandonné	ab@done	a-ban-don-né	a-b@-do-ne
abandonnée	ab@done	a-ban-don-née	a-b@-do-ne
abandonnée	ab@done	a-ban-don-née	a-b@-do-ne
abandonnées	ab@done	a-ban-don-nées	a-b@-do-ne
abandonnées	ab@done	a-ban-don-nées	a-b@-do-ne
abandonnés	ab@done	a-ban-don-nés	a-b@-do-ne
abandonnés	ab@done	a-ban-don-nés	a-b@-do-ne
abandons	ab@d§	a-ban-dons	a-b@-d§
abaque	abak	a-ba-que	a-bak
abasourdi	abazuRdi	a-ba-sour-di	a-ba-zuR-di
abasourdi	abazuRdi	a-ba-sour-di	a-ba-zuR-di
abasourdie	abazuRdi	a-ba-sour-die	a-ba-zuR-di
abasourdie	abazuRdi	a-ba-sour-die	a-ba-zuR-di
abasourdir	abazuRdiR	a-ba-sour-dir	a-ba-zuR-diR
abasourdis	abazuRdi	a-ba-sour-dis	a-ba-zuR-di
abasourdis	abazuRdi	a-ba-sour-dis	a-ba-zuR-di
abasourdissant	abazuRdis@		a-ba-zuR-di-s@
abasourdissants	abazuRdis@	a-ba-sour-dis-sants	a-ba-zuR-di-s@
abat	aba	a-bat	a-ba
abat	aba	a-bat	a-ba
abat-jour	abaZuR	abat-jour	a-ba-ZuR
abat-son	abas§	abat-son	a-ba-s§
abatage	abataZ	a-ba-ta-ge	a-ba-taZ
abatis	abati	a-ba-tis	a-ba-ti
abats	aba	a-bats	a-ba
abats	aba	a-bats	a-ba
abattage	abataZ	a-bat-ta-ge	a-ba-taZ
abattages	abataZ	a-bat-ta-ges	a-ba-taZ
abattaient	abatE	a-bat-taient	a-ba-tE
abattais	abatE	a-bat-tais	a-ba-tE
abattait	abatE	a-bat-tait	a-ba-tE
abattant	abat@	a-bat-tant	a-ba-t@
abattant	abat@	a-bat-tant	a-ba-t@
abattants	abat@	a-bat-tants	a-ba-t@
abatte	abat	a-bat-te	a-bat
abattement	abat°m@	a-bat-te-ment	a-ba-t°-m@
abattements	abat°m@	a-bat-te-ments	a-ba-t°-m@
abattent	abat	a-bat-tent	a-bat
abattes	abat	a-bat-tes	a-bat
abatteur	abat9R	a-bat-teur	a-ba-t9R
abatteurs	abat9R	a-bat-teurs	a-ba-t9R
abattez	abate	a-bat-tez	a-ba-te
abattiez	abatje	a-bat-tiez	a-ba-tje
abattions	abatj§	a-bat-tions	a-ba-tj§
abattirent	abatiR	a-bat-ti-rent	a-ba-tiR
abattis	abati	a-bat-tis	a-ba-ti
abattis	abati	a-bat-tis	a-ba-ti
abattit	abati	a-bat-tit	a-ba-ti
abattoir	abatwaR	a-bat-toir	a-ba-twaR
abattoirs	abatwaR	a-bat-toirs	a-ba-twaR
abattons	abat§	a-bat-tons	a-ba-t§
abattra	abatRa	a-bat-tra	a-ba-tRa
abattrai	abatRE	a-bat-trai	a-ba-tRE
abattraient	abatRE	a-bat-traient	a-ba-tRE
abattrais	abatRE	a-bat-trais	a-ba-tRE
abattrait	abatRE	a-bat-trait	a-ba-tRE
abattras	abatRa	a-bat-tras	a-ba-tRa
abattre	abatR	a-bat-tre	a-batR
abattrez	abatRe	a-bat-trez	a-ba-tRe
abattriez	abatRie	a-bat-triez	a-ba-tRi-e
abattrons	abatR§	a-bat-trons	a-ba-tR§
abattront	abatR§	a-bat-tront	a-ba-tR§
abattu	abaty	a-bat-tu	a-ba-ty
abattu	abaty	a-bat-tu	a-ba-ty
abattu	abaty	a-bat-tu	a-ba-ty
abattue	abaty	a-bat-tue	a-ba-ty
abattue	abaty	a-bat-tue	a-ba-ty
abattues	abaty	a-bat-tues	a-ba-ty
abattues	abaty	a-bat-tues	a-ba-ty
abattures	abatyR	a-bat-tu-res	a-ba-tyR
abattus	abaty	a-bat-tus	a-ba-ty
abattus	abaty	a-bat-tus	a-ba-ty
abattus	abaty	a-bat-tus	a-ba-ty
abbatial	abasjal	ab-ba-tial	a-ba-sjal
abbatiale	abasjal	ab-ba-tia-le	a-ba-sjal
abbatiale	abasjal	ab-ba-tia-le	a-ba-sjal
abbatiales	abasjal	ab-ba-tia-les	a-ba-sjal
abbaye	abei	ab-baye	a-be-i
abbayes	abei	ab-bayes	a-be-i
abbesse	abEs	ab-bes-se	a-bEs
abbesses	abEs	ab-bes-ses	a-bEs
abbé	abe	ab-bé	a-be
abbés	abe	ab-bés	a-be
abc	abese	abc	a-be-se
abcès	apsE	ab-cès	ap-sE
abdication	abdikasj§	ab-di-ca-tion	ab-di-ka-sj§
abdications	abdikasj§	ab-di-ca-tions	ab-di-ka-sj§
abdiqua	abdika	ab-di-qua	ab-di-ka
abdiquai	abdikE	ab-di-quai	ab-di-kE
abdiquaient	abdikE	ab-di-quaient	ab-di-kE
abdiquais	abdikE	ab-di-quais	ab-di-kE
abdiquait	abdikE	ab-di-quait	ab-di-kE
abdiquant	abdik@	ab-di-quant	ab-di-k@
abdique	abdik	ab-di-que	ab-dik
abdiquer	abdike	ab-di-quer	ab-di-ke
abdiquera	abdik°Ra	ab-di-que-ra	ab-di-k°-Ra
abdiquerais	abdik°RE	ab-di-que-rais	ab-di-k°-RE
abdiquerait	abdik°RE	ab-di-que-rait	ab-di-k°-RE
abdiquez	abdike	ab-di-quez	ab-di-ke
abdiqué	abdike	ab-di-qué	ab-di-ke
abdiquée	abdike	ab-di-quée	ab-di-ke
abdomen	abdomEn	ab-do-men	ab-do-mEn
abdominal	abdominal	ab-do-mi-nal	ab-do-mi-nal
abdominale	abdominal	ab-do-mi-na-le	ab-do-mi-nal
abdominales	abdominal	ab-do-mi-na-les	ab-do-mi-nal
abdominaux	abdomino	ab-do-mi-naux	ab-do-mi-no
abdominaux	abdomino	ab-do-mi-naux	ab-do-mi-no
abdos	abdo	ab-dos	ab-do
abducteur	abdykt9R	ab-duc-teur	ab-dyk-t9R
abduction	abdyksj§		ab-dyk-sj§
abeille	abEj	a-beil-le	a-bEj
abeilles	abEj	a-beil-les	a-bEj
aber	abe	a-ber	a-be
aberrant	abER@	a-ber-rant	a-bE-R@
aberrant	abER@	a-ber-rant	a-bE-R@
aberrante	abER@t	a-ber-ran-te	a-bE-R@t
aberrantes	abER@t	a-ber-ran-tes	a-bE-R@t
aberrants	abER@	a-ber-rants	a-bE-R@
aberration	abERasj§	a-ber-ra-tion	a-bE-Ra-sj§
aberrations	abERasj§	a-ber-ra-tions	a-bE-Ra-sj§
abhorrais	abORE	ab-hor-rais	a-bO-RE
abhorrait	abORE	ab-hor-rait	a-bO-RE
abhorrant	abOR@	ab-hor-rant	a-bO-R@
abhorre	abOR	ab-hor-re	a-bOR
abhorrer	abORe	ab-hor-rer	a-bO-Re
abhorrez	abORe	ab-hor-rez	a-bO-Re
abhorré	abORe	ab-hor-ré	a-bO-Re
abhorré	abORe	ab-hor-ré	a-bO-Re
abhorrée	abORe	ab-hor-rée	a-bO-Re
abhorrée	abORe	ab-hor-rée	a-bO-Re
abhorrés	abORe	ab-hor-rés	a-bO-Re
abject	abZEkt	ab-ject	ab-ZEkt
abjecte	abZEkt	ab-jec-te	ab-ZEkt
abjectement	abZEkt°m@	ab-jec-te-ment	ab-ZEk-t°-m@
abjectes	abZEkt	ab-jec-tes	ab-ZEkt
abjection	abZEksj§	ab-jec-tion	ab-ZEk-sj§
abjections	abZEksj§	ab-jec-tions	ab-ZEk-sj§
abjects	abZEkt	ab-jects	ab-ZEkt
abjurant	abZyR@		ab-Zy-R@
abjuration	abZyRasj§	ab-ju-ra-tion	ab-Zy-Ra-sj§
abjurations	abZyRasj§	ab-ju-ra-tions	ab-Zy-Ra-sj§
abjure	abZyR	ab-ju-re	ab-ZyR
abjurer	abZyRe	ab-ju-rer	ab-Zy-Re
abjurez	abZyRe	ab-ju-rez	ab-Zy-Re
abjurons	abZyR§	ab-ju-rons	ab-Zy-R§
abjuré	abZyRe	ab-ju-ré	ab-Zy-Re
abkhaze	abkaz	ab-kha-ze	ab-kaz
ablatif	ablatif	a-bla-tif	a-bla-tif
ablation	ablasj§	a-bla-tion	a-bla-sj§
ablations	ablasj§	a-bla-tions	a-bla-sj§
able	abl	a-ble	abl
ablette	ablEt	a-blet-te	a-blEt
ablettes	ablEt	a-blet-tes	a-blEt
ablution	ablysj§	a-blu-tion	a-bly-sj§
ablutions	ablysj§	a-blu-tions	a-bly-sj§
abnégation	abnegasj§	ab-né-ga-tion	ab-ne-ga-sj§
aboi	abwa	a-boi	a-bwa
aboie	abwa	a-boie	a-bwa
aboiement	abwam@	a-boie-ment	a-bwa-m@
aboiements	abwam@	a-boie-ments	a-bwa-m@
aboient	abwa	a-boient	a-bwa
aboiera	abwaRa	a-boie-ra	a-bwa-Ra
aboierait	abwaRE	a-boie-rait	a-bwa-RE
aboieront	abwaR§	a-boie-ront	a-bwa-R§
aboies	abwa	a-boies	a-bwa
abois	abwa	a-bois	a-bwa
aboli	aboli	a-bo-li	a-bo-li
aboli	aboli	a-bo-li	a-bo-li
abolie	aboli	a-bo-lie	a-bo-li
abolie	aboli	a-bo-lie	a-bo-li
abolies	aboli	a-bo-lies	a-bo-li
abolies	aboli	a-bo-lies	a-bo-li
abolir	aboliR	a-bo-lir	a-bo-liR
abolira	aboliRa	a-bo-li-ra	a-bo-li-Ra
abolirait	aboliRE	a-bo-li-rait	a-bo-li-RE
aboliras	aboliRa	a-bo-li-ras	a-bo-li-Ra
abolis	aboli	a-bo-lis	a-bo-li
abolis	aboli	a-bo-lis	a-bo-li
abolissaient	abolisE	a-bo-lis-saient	a-bo-li-sE
abolissais	abolisE	a-bo-lis-sais	a-bo-li-sE
abolissait	abolisE	a-bo-lis-sait	a-bo-li-sE
abolissant	abolis@	a-bo-lis-sant	a-bo-li-s@
abolissent	abolis	a-bo-lis-sent	a-bo-lis
abolissions	abolisj§	a-bo-lis-sions	a-bo-li-sj§
abolissons	abolis§	a-bo-lis-sons	a-bo-li-s§
abolit	aboli	a-bo-lit	a-bo-li
abolition	abolisj§	a-bo-li-tion	a-bo-li-sj§
abolitionniste	abolisjonist	a-bo-li-tion-nis-te	a-bo-li-sjo-nist
abolitionniste	abolisjonist	a-bo-li-tion-nis-te	a-bo-li-sjo-nist
abolitionnistes	abolisjonist	a-bo-li-tion-nis-tes	a-bo-li-sjo-nist
abolitionnistes	abolisjonist	a-bo-li-tion-nis-tes	a-bo-li-sjo-nist
abominable	abominabl	a-bo-mi-na-ble	a-bo-mi-nabl
abominablement	abominabl°m@	a-bo-mi-na-ble-ment	a-bo-mi-na-bl°-m@
abominables	abominabl	a-bo-mi-na-bles	a-bo-mi-nabl
abominaient	abominE	a-bo-mi-naient	a-bo-mi-nE
abomination	abominasj§	a-bo-mi-na-tion	a-bo-mi-na-sj§
abominations	abominasj§	a-bo-mi-na-tions	a-bo-mi-na-sj§
abomine	abomin	a-bo-mi-ne	a-bo-min
abominer	abomine	a-bo-mi-ner	a-bo-mi-ne
abonda	ab§da	a-bon-da	a-b§-da
abondai	ab§dE	a-bon-dai	a-b§-dE
abondaient	ab§dE	a-bon-daient	a-b§-dE
abondais	ab§dE	a-bon-dais	a-b§-dE
abondait	ab§dE	a-bon-dait	a-b§-dE
abondamment	ab§dam@	a-bon-dam-ment	a-b§-da-m@
abondance	ab§d@s	a-bon-dan-ce	a-b§-d@s
abondant	ab§d@	a-bon-dant	a-b§-d@
abondant	ab§d@	a-bon-dant	a-b§-d@
abondante	ab§d@t	a-bon-dan-te	a-b§-d@t
abondantes	ab§d@t	a-bon-dan-tes	a-b§-d@t
abondants	ab§d@	a-bon-dants	a-b§-d@
abondassent	ab§das	a-bon-das-sent	a-b§-das
abonde	ab§d	a-bon-de	a-b§d
abondent	ab§d	a-bon-dent	a-b§d
abonder	ab§de	a-bon-der	a-b§-de
abondé	ab§de	a-bon-dé	a-b§-de
abonnai	abonE	a-bon-nai	a-bo-nE
abonnant	abOn@		a-bO-n@
abonne	abOn	a-bon-ne	a-bOn
abonnement	abOn°m@	a-bon-ne-ment	a-bO-n°-m@
abonnements	abOn°m@	a-bon-ne-ments	a-bO-n°-m@
abonner	abone	a-bon-ner	a-bo-ne
abonnez	abone	a-bon-nez	a-bo-ne
abonnât	abona	a-bon-nât	a-bo-na
abonné	abone	a-bon-né	a-bo-ne
abonné	abone	a-bon-né	a-bo-ne
abonné	abone	a-bon-né	a-bo-ne
abonnée	abone	a-bon-née	a-bo-ne
abonnée	abone	a-bon-née	a-bo-ne
abonnée	abone	a-bon-née	a-bo-ne
abonnées	abone	a-bon-nées	a-bo-ne
abonnées	abone	a-bon-nées	a-bo-ne
abonnés	abone	a-bon-nés	a-bo-ne
abonnés	abone	a-bon-nés	a-bo-ne
abonnés	abone	a-bon-nés	a-bo-ne
abord	abOR	a-bord	a-bOR
aborda	abORda	a-bor-da	a-bOR-da
abordable	abORdabl	a-bor-da-ble	a-bOR-dabl
abordables	abORdabl	a-bor-da-bles	a-bOR-dabl
abordage	abORdaZ	a-bor-da-ge	a-bOR-daZ
abordages	abORdaZ	a-bor-da-ges	a-bOR-daZ
abordai	abORdE	a-bor-dai	a-bOR-dE
abordaient	abORdE	a-bor-daient	a-bOR-dE
abordais	abORdE	a-bor-dais	a-bOR-dE
abordait	abORdE	a-bor-dait	a-bOR-dE
abordant	abORd@	a-bor-dant	a-bOR-d@
aborde	abORd	a-bor-de	a-bORd
abordent	abORd	a-bor-dent	a-bORd
aborder	abORde	a-bor-der	a-bOR-de
abordera	abORd°Ra	a-bor-de-ra	a-bOR-d°-Ra
aborderai	abORd°RE	a-bor-de-rai	a-bOR-d°-RE
aborderaient	abORd°RE	a-bor-de-raient	a-bOR-d°-RE
aborderais	abORd°RE	a-bor-de-rais	a-bOR-d°-RE
aborderait	abORd°RE	a-bor-de-rait	a-bOR-d°-RE
aborderiez	abORd°Rje	a-bor-de-riez	a-bOR-d°-Rje
aborderions	abORd°Rj§	a-bor-de-rions	a-bOR-d°-Rj§
aborderons	abORd°R§	a-bor-de-rons	a-bOR-d°-R§
aborderont	abORd°R§	a-bor-de-ront	a-bOR-d°-R§
abordes	abORd	a-bor-des	a-bORd
abordez	abORde	a-bor-dez	a-bOR-de
abordiez	abORdje	a-bor-diez	a-bOR-dje
abordions	abORdj§	a-bor-dions	a-bOR-dj§
abordons	abORd§	a-bor-dons	a-bOR-d§
abords	abOR	a-bord-s	a-bOR
abordâmes	abORdam	a-bor-dâ-mes	a-bOR-dam
abordèrent	abORdER	a-bor-dè-rent	a-bOR-dER
abordé	abORde	a-bor-dé	a-bOR-de
abordé	abORde	a-bor-dé	a-bOR-de
abordée	abORde	a-bor-dée	a-bOR-de
abordées	abORde	a-bor-dées	a-bOR-de
abordées	abORde	a-bor-dées	a-bOR-de
abordés	abORde	a-bor-dés	a-bOR-de
abordés	abORde	a-bor-dés	a-bOR-de
aborigène	aboRiZEn	a-bo-ri-gè-ne	a-bo-Ri-ZEn
aborigène	aboRiZEn	a-bo-ri-gè-ne	a-bo-Ri-ZEn
aborigènes	aboRiZEn	a-bo-ri-gè-nes	a-bo-Ri-ZEn
aborigènes	aboRiZEn	a-bo-ri-gè-nes	a-bo-Ri-ZEn
abornement	abORn°m@	a-bor-ne-ment	a-bOR-n°-m@
abortif	abORtif		a-bOR-tif
abortive	abORtiv	a-bor-ti-ve	a-bOR-tiv
abortives	abORtiv	a-bor-ti-ves	a-bOR-tiv
abouchaient	abuSE	a-bou-chaient	a-bu-SE
abouchais	abuSE	a-bou-chais	a-bu-SE
abouchait	abuSE	a-bou-chait	a-bu-SE
abouchant	abuS@	a-bou-chant	a-bu-S@
abouchements	abuS°m@	a-bou-che-ments	a-bu-S°-m@
aboucher	abuSe	a-bou-cher	a-bu-Se
abouché	abuSe	a-bou-ché	a-bu-Se
abouchée	abuSe	a-bou-chée	a-bu-Se
abouchés	abuSe	a-bou-chés	a-bu-Se
aboule	abul	a-bou-le	a-bul
abouler	abule	a-bou-ler	a-bu-le
aboules	abul	a-bou-les	a-bul
aboulez	abule	a-bou-lez	a-bu-le
aboulie	abuli	a-bou-lie	a-bu-li
aboulique	abulik	a-bou-li-que	a-bu-lik
abouliques	abulik	a-bou-li-ques	a-bu-lik
abounas	abuna	a-bou-nas	a-bu-na
about	abu	a-bout	a-bu
aboutait	abutE	a-bou-tait	a-bu-tE
abouti	abuti	a-bou-ti	a-bu-ti
abouti	abuti	a-bou-ti	a-bu-ti
aboutie	abuti	a-bou-tie	a-bu-ti
aboutie	abuti	a-bou-tie	a-bu-ti
aboutir	abutiR	a-bou-tir	a-bu-tiR
aboutira	abutiRa	a-bou-ti-ra	a-bu-ti-Ra
aboutirai	abutiRE	a-bou-ti-rai	a-bu-ti-RE
aboutiraient	abutiRE	a-bou-ti-raient	a-bu-ti-RE
aboutirais	abutiRE	a-bou-ti-rais	a-bu-ti-RE
aboutirait	abutiRE	a-bou-ti-rait	a-bu-ti-RE
aboutiras	abutiRa	a-bou-ti-ras	a-bu-ti-Ra
aboutirent	abutiR	a-bou-ti-rent	a-bu-tiR
aboutirons	abutiR§	a-bou-ti-rons	a-bu-ti-R§
aboutiront	abutiR§	a-bou-ti-ront	a-bu-ti-R§
aboutis	abuti	a-bou-tis	a-bu-ti
aboutis	abuti	a-bou-tis	a-bu-ti
aboutissaient	abutisE	a-bou-tis-saient	a-bu-ti-sE
aboutissait	abutisE	a-bou-tis-sait	a-bu-ti-sE
aboutissant	abutis@	a-bou-tis-sant	a-bu-ti-s@
aboutissant	abutis@	a-bou-tis-sant	a-bu-ti-s@
aboutissants	abutis@	a-bou-tis-sants	a-bu-ti-s@
aboutisse	abutis	a-bou-tis-se	a-bu-tis
aboutissement	abutis°m@	a-bou-tis-se-ment	a-bu-ti-s°-m@
aboutissent	abutis	a-bou-tis-sent	a-bu-tis
aboutissez	abutise	a-bou-tis-sez	a-bu-ti-se
aboutissiez	abutisje	a-bou-tis-siez	a-bu-ti-sje
aboutissions	abutisj§	a-bou-tis-sions	a-bu-ti-sj§
aboutit	abuti	a-bou-tit	a-bu-ti
aboutonnai	abutonE	a-bou-ton-nai	a-bu-to-nE
aboutons	abut§	a-bou-tons	a-bu-t§
aboutîmes	abutim	a-bou-tî-mes	a-bu-tim
aboya	abwaja	a-boya	a-bwa-ja
aboyaient	abwajE	a-boyaient	a-bwa-jE
aboyait	abwajE	a-boyait	a-bwa-jE
aboyant	abwaj@	a-boyant	a-bwa-j@
aboyant	abwaj@	a-boyant	a-bwa-j@
aboyante	abwaj@t	a-boyan-te	a-bwa-j@t
aboyer	abwaje	a-boyer	a-bwa-je
aboyeur	abwaj9R	a-boyeur	a-bwa-j9R
aboyeur	abwaj9R	a-boyeur	a-bwa-j9R
aboyeurs	abwaj9R	a-boyeurs	a-bwa-j9R
aboyeurs	abwaj9R	a-boyeurs	a-bwa-j9R
aboyons	abwaj§	a-boyons	a-bwa-j§
aboyèrent	abwajER	a-boyè-rent	a-bwa-jER
aboyé	abwaje	a-boyé	a-bwa-je
abracadabra	abRakadabRa	a-bra-ca-da-bra	a-bRa-ka-da-bRa
abracadabrant	abRakadabR@	a-bra-ca-da-brant	a-bRa-ka-da-bR@
abracadabrante	abRakadabR@t	a-bra-ca-da-bran-te	a-bRa-ka-da-bR@t
abracadabrantes	abRakadabR@t	a-bra-ca-da-bran-tes	a-bRa-ka-da-bR@t
abracadabrants	abRakadabR@	a-bra-ca-da-brants	a-bRa-ka-da-bR@
abracadabré	abRakadabRe	a-bra-ca-da-bré	a-bRa-ka-da-bRe
abrasif	abRazif	a-bra-sif	a-bRa-zif
abrasif	abRazif	a-bra-sif	a-bRa-zif
abrasifs	abRazif	a-bra-sif-s	a-bRa-zif
abrasifs	abRazif	a-bra-sif-s	a-bRa-zif
abrasion	abRazj§	a-bra-sion	a-bRa-zj§
abrasive	abRaziv		a-bRa-ziv
abrasé	abRaze	a-bra-sé	a-bRa-ze
abraxas	abRaksas		a-bRak-sas
abreuva	abR9va	a-breu-va	a-bR9-va
abreuvage	abR9vaZ	a-breu-va-ge	a-bR9-vaZ
abreuvaient	abR9vE	a-breu-vaient	a-bR9-vE
abreuvait	abR9vE	a-breu-vait	a-bR9-vE
abreuvant	abR9v@	a-breu-vant	a-bR9-v@
abreuve	abR9v	a-breu-ve	a-bR9v
abreuvent	abR9v	a-breu-vent	a-bR9v
abreuver	abR9ve	a-breu-ver	a-bR9-ve
abreuvera	abR9v°Ra	a-breu-ve-ra	a-bR9-v°-Ra
abreuveraient	abR9v°RE	a-breu-ve-raient	a-bR9-v°-RE
abreuvez	abR9ve	a-breu-vez	a-bR9-ve
abreuvoir	abR9vwaR	a-breu-voir	a-bR9-vwaR
abreuvoirs	abR9vwaR	a-breu-voirs	a-bR9-vwaR
abreuvons	abR9v§	a-breu-vons	a-bR9-v§
abreuvé	abR9ve	a-breu-vé	a-bR9-ve
abreuvé	abR9ve	a-breu-vé	a-bR9-ve
abreuvée	abR9ve	a-breu-vée	a-bR9-ve
abreuvés	abR9ve	a-breu-vés	a-bR9-ve
abreuvés	abR9ve	a-breu-vés	a-bR9-ve
abri	abRi	a-bri	a-bRi
abri-refuge	abRiR°fyZ	abri-refuge	a-bRi-R°-fyZ
abribus	abRibys	a-bri-bus	a-bRi-bys
abricot	abRiko	a-bri-cot	a-bRi-ko
abricot	abRiko	a-bri-cot	a-bRi-ko
abricotez	abRikote	a-bri-co-tez	a-bRi-ko-te
abricotier	abRikotje	a-bri-co-tier	a-bRi-ko-tje
abricotiers	abRikotje	a-bri-co-tiers	a-bRi-ko-tje
abricotine	abRikotin	a-bri-co-ti-ne	a-bRi-ko-tin
abricots	abRiko	a-bri-cots	a-bRi-ko
abris	abRi	a-bris	a-bRi
abrita	abRita	a-bri-ta	a-bRi-ta
abritai	abRitE	a-bri-tai	a-bRi-tE
abritaient	abRitE	a-bri-taient	a-bRi-tE
abritais	abRitE	a-bri-tais	a-bRi-tE
abritait	abRitE	a-bri-tait	a-bRi-tE
abritant	abRit@	a-bri-tant	a-bRi-t@
abritant	abRit@	a-bri-tant	a-bRi-t@
abrite	abRit	a-bri-te	a-bRit
abritent	abRit	a-bri-tent	a-bRit
abriter	abRite	a-bri-ter	a-bRi-te
abritera	abRit°Ra	a-bri-te-ra	a-bRi-t°-Ra
abriterait	abRit°RE	a-bri-te-rait	a-bRi-t°-RE
abriterons	abRit°R§	a-bri-te-rons	a-bRi-t°-R§
abriteront	abRit°R§	a-bri-te-ront	a-bRi-t°-R§
abrites	abRit	a-bri-tes	a-bRit
abritez	abRite	a-bri-tez	a-bRi-te
abritiez	abRitje	a-bri-tiez	a-bRi-tje
abritions	abRitj§	a-bri-tions	a-bRi-tj§
abritons	abRit§	a-bri-tons	a-bRi-t§
abritâmes	abRitam	a-bri-tâ-mes	a-bRi-tam
abritèrent	abRitER	a-bri-tè-rent	a-bRi-tER
abrité	abRite	a-bri-té	a-bRi-te
abrité	abRite	a-bri-té	a-bRi-te
abritée	abRite	a-bri-tée	a-bRi-te
abritée	abRite	a-bri-tée	a-bRi-te
abritées	abRite	a-bri-tées	a-bRi-te
abrités	abRite	a-bri-tés	a-bRi-te
abrités	abRite	a-bri-tés	a-bRi-te
